date,ratio,change_pct
2023-12-03,9.619732514799,1.77655679
2023-12-04,9.609947307544,-0.10172016
2023-12-05,9.919481081081,3.22097264
2023-12-06,9.73009717199,-1.90921186
2023-12-07,10.127932960894,4.08871342
2023-12-08,9.871694007365,-2.53002221
2023-12-09,9.846195903604,-0.25829512
2023-12-10,9.807421304982,-0.39380284
2023-12-11,9.030044660983,-7.92641225
2023-12-12,8.655596604307,-4.14669108
2023-12-13,8.966129927818,3.58765938
2023-12-14,9.142704879204,1.96935526
2023-12-15,9.066971577916,-0.82834678
2023-12-16,9.11977396503,0.58235968
2023-12-17,9.189967759494,0.76968788
2023-12-18,9.181287759662,-0.09445082
2023-12-19,8.612713104703,-6.19275498
2023-12-20,8.45633640553,-1.81564969
2023-12-21,8.23001175779,-2.67639125
2023-12-22,8.575172312115,4.19392541
2023-12-23,8.517887438224,-0.66803175
2023-12-24,8.557796917498,0.46853729
2023-12-25,8.510977071782,-0.54710162
2023-12-26,7.491655193257,-11.97655533
2023-12-27,7.337443358713,-2.05844811
2023-12-28,7.26637338125,-0.9685932
2023-12-29,7.328829115941,0.85951728
2023-12-30,7.226672132698,-1.39390592
2023-12-31,7.31533380363,1.22686721
2024-01-01,7.500398507986,2.529819
2024-01-02,7.542268173234,0.55823254
2024-01-03,6.996360298772,-7.23798017
2024-01-04,7.004753233124,0.11996144
2024-01-05,7.145091744563,2.00347545
2024-01-06,7.288519686575,2.0073632
2024-01-07,7.346410629297,0.79427573
2024-01-08,7.673980984966,4.45891704
2024-01-09,7.786976157269,1.4724453
2024-01-10,8.451947287531,8.53952955
2024-01-11,8.492929882597,0.48488938
2024-01-12,8.504265434805,0.13347046
2024-01-13,8.535494338123,0.36721459
2024-01-14,8.257661330749,-3.25503124
2024-01-15,7.910374385478,-4.20563319
2024-01-16,8.208243431908,3.76554929
2024-01-17,8.179138762173,-0.35457854
2024-01-18,7.894215087461,-3.48354127
2024-01-19,7.91799160519,0.30118913
2024-01-20,7.789827194753,-1.61864797
2024-01-21,7.706927398851,-1.06420584
2024-01-22,7.563939790576,-1.85531277
2024-01-23,7.506346495194,-0.76141927
2024-01-24,7.624756834238,1.57746967
2024-01-25,7.594958386136,-0.39081178
2024-01-26,7.506720964111,-1.16178941
2024-01-27,7.419182832281,-1.16613009
2024-01-28,7.395536328778,-0.31872113
2024-01-29,7.4592358943,0.86132449
2024-01-30,7.616122216805,2.10324924
2024-01-31,7.601339196482,-0.19410167
2024-02-01,7.674474394429,0.9621357
2024-02-02,7.661167175674,-0.17339583
2024-02-03,7.663629080713,0.03213486
2024-02-04,7.513969598477,-1.95285394
2024-02-05,7.639420520999,1.66956921
2024-02-06,7.835249042146,2.56339497
2024-02-07,7.887591098386,0.66803309
2024-02-08,7.580320781906,-3.89561671
2024-02-09,7.673339708196,1.22711069
2024-02-10,7.735686225989,0.81250824
2024-02-11,7.815725504862,1.03467587
2024-02-12,8.110721580343,3.77439145
2024-02-13,8.129000492368,0.22536727
2024-02-14,8.309926998564,2.22569191
2024-02-15,7.967485406503,-4.12087365
2024-02-16,7.776067665003,-2.40248625
2024-02-17,7.896302592435,1.54621761
2024-02-18,8.239633971976,4.34800181
2024-02-19,8.373613875462,1.62604193
2024-02-20,8.503299492386,1.54874131
2024-02-21,7.826500751364,-7.95924854
2024-02-22,7.766279617135,-0.76945159
2024-02-23,7.780647566301,0.18500427
2024-02-24,7.840560723176,0.7700279
2024-02-25,8.011762283479,2.1835372
2024-02-26,7.908823968546,-1.28483986
2024-02-27,8.214368922204,3.86334245
2024-02-28,8.156514199003,-0.70431123
2024-02-29,8.36480128141,2.55362864
2024-03-01,8.42669348114,0.73991237
2024-03-02,8.32619956711,-1.19256639
2024-03-03,8.413265183114,1.04568255
2024-03-04,8.663970991674,2.97988716
2024-03-05,9.018833967047,4.09584676
2024-03-06,8.897040676151,-1.35043279
2024-03-07,8.153496496138,-8.35720783
2024-03-08,7.991232572942,-1.99011459
2024-03-09,8.000654236179,0.1179
2024-03-10,7.334366202505,-8.32791937
2024-03-11,7.774197866075,5.99685987
2024-03-12,7.405381766753,-4.74410487
2024-03-13,6.352376121485,-14.21946469
2024-03-14,6.436034362665,1.31695982
2024-03-15,5.911760524445,-8.14591422
2024-03-16,6.11273573438,3.39958307
2024-03-17,6.374809628009,4.28734212
2024-03-18,6.339017538805,-0.5614613
2024-03-19,6.224630969039,-1.8044842
2024-03-20,6.316180828708,1.47076767
2024-03-21,6.307036555411,-0.14477536
2024-03-22,6.023610108303,-4.49381329
2024-03-23,6.035136359518,0.19135122
2024-03-24,6.08413470006,0.81188456
2024-03-25,6.116540905142,0.53263458
2024-03-26,6.182426028365,1.07716313
2024-03-27,6.097054058292,-1.38088138
2024-03-28,6.103522152712,0.10608557
2024-03-29,5.729116361026,-6.13425793
2024-03-30,5.836400545775,1.87261312
2024-03-31,6.007150624444,2.9256059
2024-04-01,6.083437456615,1.26993373
2024-04-02,5.947838073128,-2.22899281
2024-04-03,5.895658674641,-0.87728344
2024-04-04,5.683020091839,-3.60669765
2024-04-05,5.739343950476,0.99109026
2024-04-06,5.72374935974,-0.27171382
2024-04-07,5.917064980898,3.37742988
2024-04-08,6.301830152314,6.50263556
2024-04-09,6.039270083055,-4.1664098
2024-04-10,5.814204424329,-3.72670299
2024-04-11,5.793494079513,-0.35620256
2024-04-12,5.435677127035,-6.17618569
2024-04-13,5.435546169952,-0.00240921
2024-04-14,5.56914124493,2.45780407
2024-04-15,5.612429460281,0.77728708
2024-04-16,5.7351946169,2.18737995
2024-04-17,5.589170364545,-2.54610806
2024-04-18,5.550870013942,-0.68526003
2024-04-19,5.514589194258,-0.653606
2024-04-20,5.526063364257,0.20806935
2024-04-21,5.429086331183,-1.75490266
2024-04-22,5.293305556933,-2.50098757
2024-04-23,5.311678242077,0.34709285
2024-04-24,5.158072890992,-2.89184217
2024-04-25,5.147333735706,-0.20820092
2024-04-26,5.236595118197,1.73412852
2024-04-27,5.461463562039,4.29417281
2024-04-28,5.437383333333,-0.44091164
2024-04-29,5.42556099207,-0.21742703
2024-04-30,5.209958132937,-3.97383532
2024-05-01,5.292202930586,1.57860765
2024-05-02,5.328402947526,0.68402549
2024-05-03,5.283372484935,-0.84510243
2024-05-04,5.322270593257,0.73623634
2024-05-05,5.297796166512,-0.45984935
2024-05-06,5.208089635473,-1.69328015
2024-05-07,5.212982553501,0.09394842
2024-05-08,5.054586563307,-3.0384907
2024-05-09,5.087781334317,0.65672574
2024-05-10,4.968545081967,-2.34358052
2024-05-11,4.918199476396,-1.01328668
2024-05-12,4.925096719933,0.1402392
2024-05-13,4.98598928493,1.23637298
2024-05-14,5.082286520819,1.93135666
2024-05-15,5.217778695151,2.66596883
2024-05-16,5.173227239992,-0.85383949
2024-05-17,5.322505161734,2.88558601
2024-05-18,5.382012405238,1.11803073
2024-05-19,5.345146915471,-0.68497593
2024-05-20,6.105380754673,14.22288014
2024-05-21,6.127387093123,0.3604417
2024-05-22,6.082949383781,-0.72523098
2024-05-23,6.317107395219,3.84941575
2024-05-24,6.209726595692,-1.69984129
2024-05-25,6.224544684807,0.23862708
2024-05-26,6.373581320934,2.39433796
2024-05-27,6.448996503091,1.18324657
2024-05-28,6.388193023604,-0.94283629
2024-05-29,6.323590217665,-1.0112845
2024-05-30,6.297957811581,-0.40534578
2024-05-31,6.335800013485,0.60086465
2024-06-01,6.34094461999,0.081199
2024-06-02,6.27052947716,-1.11048349
2024-06-03,6.014467989971,-4.08357042
2024-06-04,5.556620005833,-7.61244361
2024-06-05,5.532445233019,-0.43506255
2024-06-06,5.364928576455,-3.02789543
2024-06-07,5.378018634721,0.24399315
2024-06-08,5.392619072037,0.27148358
2024-06-09,5.507259298887,2.12587289
2024-06-10,5.866334890866,6.5200415
2024-06-11,5.80458415628,-1.05262887
2024-06-12,5.74749301597,-0.98355263
2024-06-13,5.785918077918,0.66855343
2024-06-14,5.771000215599,-0.25783051
2024-06-15,5.868547922666,1.6903085
2024-06-16,5.93490620136,1.13074443
2024-06-17,5.808986346711,-2.1216823
2024-06-18,5.9170957163,1.86107116
2024-06-19,5.941717586564,0.41611411
2024-06-20,5.976474994042,0.58497239
2024-06-21,6.001057821911,0.41132654
2024-06-22,5.913337056405,-1.46175505
2024-06-23,5.921226292544,0.13341428
2024-06-24,5.899565087247,-0.36582296
2024-06-25,5.870090111905,-0.49961268
2024-06-26,5.882642550368,0.21383724
2024-06-27,5.930298597367,0.81011291
2024-06-28,5.956778134821,0.44651272
2024-06-29,5.923340298141,-0.56134098
2024-06-30,5.9036923659,-0.33170359
2024-07-01,5.967600867679,1.08251748
2024-07-02,5.898599768642,-1.15626196
2024-07-03,5.920192774551,0.36607003
2024-07-04,5.958295186707,0.64360087
2024-07-05,5.991099949774,0.55057297
2024-07-06,5.82872235312,-2.7103136
2024-07-07,5.973750713296,2.48816724
2024-07-08,5.913505994828,-1.00849067
2024-07-09,5.930874417345,0.2937077
2024-07-10,5.910666285387,-0.3407277
2024-07-11,5.904127854925,-0.11062087
2024-07-12,5.870514645292,-0.5693171
2024-07-13,5.965017369261,1.60978602
2024-07-14,5.956839285059,-0.13710076
2024-07-15,5.953845102661,-0.05026462
2024-07-16,5.977261295638,0.3932953
2024-07-17,5.955173504905,-0.36953029
2024-07-18,5.99076713239,0.59769254
2024-07-19,5.903947191163,-1.44922911
2024-07-20,5.929380244667,0.4307805
2024-07-21,5.869838002921,-1.00418997
2024-07-22,5.857106382979,-0.216899
2024-07-23,5.98414225582,2.16891865
2024-07-24,5.803793613504,-3.01377599
2024-07-25,5.562432100929,-4.15868531
2024-07-26,5.635673722251,1.31671938
2024-07-27,5.585588063396,-0.88872531
2024-07-28,5.600530912828,0.26752509
2024-07-29,5.777665558013,3.16281881
2024-07-30,5.574768738947,-3.51174392
2024-07-31,5.60888580354,0.61199067
2024-08-01,5.568610052717,-0.71807044
2024-08-02,5.505661073207,-1.13042535
2024-08-03,5.481536747068,-0.43817311
2024-08-04,5.412968183649,-1.25090037
2024-08-05,5.209957595196,-3.75044858
2024-08-06,5.076360112973,-2.56427197
2024-08-07,4.93534664308,-2.77784607
2024-08-08,5.188345835589,5.12626996
2024-08-09,5.107965818682,-1.54924169
2024-08-10,4.988801834512,-2.33290489
2024-08-11,5.07510375916,1.72991286
2024-08-12,5.254051863857,3.52599894
2024-08-13,5.156294699903,-1.86060523
2024-08-14,5.085257989952,-1.3776697
2024-08-15,4.950864825301,-2.64279934
2024-08-16,4.989323843416,0.77681414
2024-08-17,4.825911230045,-3.27524567
2024-08-18,4.914005191288,1.82543684
2024-08-19,4.720980185082,-3.92805865
2024-08-20,4.517961233233,-4.30035594
2024-08-21,4.615097251697,2.14999672
2024-08-22,4.499811333699,-2.49801709
2024-08-23,4.669971623539,3.78149832
2024-08-24,4.769289047299,2.12672435
2024-08-25,4.784952978056,0.32843324
2024-08-26,4.888773407728,2.16972727
2024-08-27,4.607421984819,-5.75505141
2024-08-28,4.708994413408,2.2045393
2024-08-29,4.712757032867,0.07990282
2024-08-30,4.719944691506,0.15251494
2024-08-31,4.714575164625,-0.1137625
2024-09-01,4.733775609756,0.40725716
2024-09-02,4.821205386822,1.84693539
2024-09-03,4.674353140786,-3.04596536
2024-09-04,4.825918266864,3.24248343
2024-09-05,4.715127740497,-2.2957398
2024-09-06,4.566865120099,-3.14440305
2024-09-07,4.606041573808,0.85784127
2024-09-08,4.56519752007,-0.88674957
2024-09-09,4.549309892821,-0.34801621
2024-09-10,4.620114108887,1.55637267
2024-09-11,4.413973222704,-4.46181374
2024-09-12,4.337839078771,-1.72484381
2024-09-13,4.384955275353,1.08616746
2024-09-14,4.369029554159,-0.36319005
2024-09-15,4.185264146853,-4.20609211
2024-09-16,4.301887146043,2.78651466
2024-09-17,4.287641642411,-0.33114545
2024-09-18,4.243438331934,-1.03094694
2024-09-19,4.348523057931,2.47640516
2024-09-20,4.501713261523,3.52280996
2024-09-21,4.438072109098,-1.4137096
2024-09-22,4.385488337326,-1.18483365
2024-09-23,4.377947937684,-0.17193979
2024-09-24,4.378130878131,0.00417868
2024-09-25,4.391933534229,0.31526367
2024-09-26,4.413763621123,0.49704957
2024-09-27,4.43985439212,0.59112298
2024-09-28,4.451740085174,0.26770457
2024-09-29,4.462636200326,0.24476081
2024-09-30,4.586471334885,2.77493233
2024-10-01,4.474070011882,-2.45071461
2024-10-02,4.357422019025,-2.60720088
2024-10-03,4.31434866428,-0.98850546
2024-10-04,4.346918936434,0.75492907
2024-10-05,4.289604575976,-1.31850539
2024-10-06,4.278379800105,-0.26167391
2024-10-07,4.293660923208,0.35717079
2024-10-08,4.20248738222,-2.1234453
2024-10-09,4.154793439172,-1.13489795
2024-10-10,4.233213791144,1.88746693
2024-10-11,4.252663330602,0.45945091
2024-10-12,4.295357551785,1.00394077
2024-10-13,4.315045980629,0.45836531
2024-10-14,4.462546466824,3.41828307
2024-10-15,4.384841807815,-1.74126274
2024-10-16,4.345138045233,-0.90547765
2024-10-17,4.395606249789,1.16148679
2024-10-18,4.410536331314,0.33965921
2024-10-19,4.429034955678,0.41941893
2024-10-20,4.533509409046,2.35885366
2024-10-21,4.454451276567,-1.74386166
2024-10-22,4.417665200465,-0.82582733
2024-10-23,4.316619033765,-2.28732061
2024-10-24,4.266112336099,-1.17005224
2024-10-25,4.242550894241,-0.55229305
2024-10-26,4.25604586101,0.31808615
2024-10-27,4.255639736359,-0.0095423
2024-10-28,4.271170076407,0.3649355
2024-10-29,4.351245258123,1.87478326
2024-10-30,4.465113544746,2.61691263
2024-10-31,4.368664234845,-2.16006399
2024-11-01,4.383659000821,0.34323457
2024-11-02,4.385482622766,0.04160045
2024-11-03,4.405142734184,0.44829984
2024-11-04,4.34121205535,-1.45127372
2024-11-05,4.300525493538,-0.93721664
2024-11-06,4.59717886851,6.8980727
2024-11-07,4.840090202957,5.28392176
2024-11-08,4.956239653529,2.39973731
2024-11-09,5.005905322792,1.00208369
2024-11-10,5.075364396655,1.3875427
2024-11-11,5.111348323113,0.70899198
2024-11-12,5.187437097624,1.48862433
2024-11-13,5.134536795701,-1.01977722
2024-11-14,4.912733462879,-4.3198314
2024-11-15,4.990522780845,1.58342232
2024-11-16,5.030509236226,0.80124783
2024-11-17,4.972171945701,-1.15966968
2024-11-18,5.183281923742,4.2458302
2024-11-19,5.047030586098,-2.62866924
2024-11-20,5.069866833881,0.45246898
2024-11-21,5.39634763335,6.43963264
2024-11-22,5.25725420894,-2.57754752
2024-11-23,5.220045481085,-0.70775972
2024-11-24,5.094723294723,-2.40078725
2024-11-25,5.369530009277,5.39394779
2024-11-26,5.420835440147,0.95549202
2024-11-27,5.672187330387,4.63677404
2024-11-28,5.473425076453,-3.50415532
2024-11-29,5.486762954594,0.24368431
2024-11-30,5.667089710852,3.28657822
2024-12-01,5.652878711702,-0.25076362
2024-12-02,5.625277812076,-0.48826272
2024-12-03,4.919963551796,-12.53830093
2024-12-04,5.193060882718,5.55079988
2024-12-05,5.278140714017,1.63833687
2024-12-06,5.476543378683,3.75894989
2024-12-07,5.33226257914,-2.63452308
2024-12-08,5.396563101828,1.2058769
2024-12-09,5.385693985268,-0.20140813
2024-12-10,5.360589416489,-0.46613433
2024-12-11,5.388010003372,0.51152186
2024-12-12,5.498725393004,2.05484751
2024-12-13,5.383726216883,-2.09137878
2024-12-14,5.405951383068,0.41282126
2024-12-15,5.508037018997,1.88839353
2024-12-16,5.532277980493,0.44010164
2024-12-17,5.425718705146,-1.9261374
2024-12-18,5.282928393406,-2.63173083
2024-12-19,5.134386935731,-2.81172574
2024-12-20,5.116788536384,-0.34275561
2024-12-21,5.033300153832,-1.63165591
2024-12-22,5.049666579397,0.32516292
2024-12-23,4.930035335689,-2.36909194
2024-12-24,5.012606610573,1.67486173
2024-12-25,4.974261513275,-0.7649732
2024-12-26,4.837338987235,-2.75262018
2024-12-27,4.818363417918,-0.39227289
2024-12-28,4.713489068916,-2.1765554
2024-12-29,4.83118961788,2.49710028
2024-12-30,4.766939824743,-1.32989591
2024-12-31,4.752607324764,-0.30066459
2025-01-01,4.746797276446,-0.1222497
2025-01-02,4.892918384989,3.07830944
2025-01-03,5.049235161575,3.19475545
2025-01-04,5.125888438731,1.5181166
2025-01-05,5.12604698384,0.00309303
2025-01-06,5.053953335434,-1.40641802
2025-01-07,4.843092307913,-4.17219973
2025-01-08,4.780404385877,-1.29437801
2025-01-09,4.696532002743,-1.75450394
2025-01-10,4.714726981423,0.38741307
2025-01-11,4.71200700636,-0.05769104
2025-01-12,4.712494589525,0.01034767
2025-01-13,4.556357772709,-3.31325191
2025-01-14,4.614388345068,1.27361755
2025-01-15,4.829124284695,4.65361655
2025-01-16,4.671308523409,-3.26799958
2025-01-17,4.813993434085,3.05449554
2025-01-18,4.662123649087,-3.1547568
2025-01-19,4.705325478472,0.92665559
2025-01-20,4.812511002875,2.27796196
2025-01-21,4.807061134867,-0.11324375
2025-01-22,4.662701380898,-3.00307714
2025-01-23,4.838555404191,3.77150516
2025-01-24,4.864403292181,0.53420672
2025-01-25,4.835135213894,-0.6016787
2025-01-26,4.844826552334,0.20043573
2025-01-27,4.681995438158,-3.36092763
2025-01-28,4.654142960901,-0.59488476
2025-01-29,4.66252432999,0.18008405
2025-01-30,4.792785878741,2.7937988
2025-01-31,4.871914491555,1.65099412
2025-02-01,4.773341297556,-2.02329483
2025-02-02,4.646864472661,-2.64964973
2025-02-03,4.665630967408,0.40385285
2025-02-04,4.769876741506,2.23433389
2025-02-05,4.895919657279,2.64247742
2025-02-06,4.697071934271,-4.0614989
2025-02-07,4.537962418244,-3.38741919
2025-02-08,4.29740141029,-5.30107978
2025-02-09,4.265558549492,-0.74097944
2025-02-10,4.302681558828,0.87029656
2025-02-11,4.052544695696,-5.81351094
2025-02-12,3.929250900326,-3.04237966
2025-02-13,4.024859759674,2.43325921
2025-02-14,4.131334869059,2.64543651
2025-02-15,4.066426123583,-1.57113252
2025-02-16,3.95352187992,-2.77649809
2025-02-17,4.110686679849,3.97531125
2025-02-18,4.121670010804,0.26718969
2025-02-19,4.154127401787,0.78748155
2025-02-20,4.171141399528,0.40956851
2025-02-21,4.11197626993,-1.4184398
2025-02-22,4.133137908858,0.51463427
2025-02-23,4.284746174768,3.66811535
2025-02-24,4.093092555201,-4.47292819
2025-02-25,4.0023765556,-2.21631928
2025-02-26,3.81940215434,-4.57164384
2025-02-27,3.811516333818,-0.20646741
2025-02-28,3.804851907929,-0.17484973
2025-03-01,3.648321263989,-4.11397468
2025-03-02,4.036009038317,10.62647027
2025-03-03,3.730695064538,-7.56474951
2025-03-04,3.718770875084,-0.3196238
2025-03-05,3.74678255056,0.75325091
2025-03-06,3.692973190483,-1.43614846
2025-03-07,3.601591413768,-2.47447712
2025-03-08,3.714536197188,3.13596881
2025-03-09,3.642676813215,-1.93454526
2025-03-10,3.510544550727,-3.62733971
2025-03-11,3.486312049023,-0.69027757
2025-03-12,3.348602920528,-3.94999434
2025-03-13,3.215953206688,-3.96134498
2025-03-14,3.251564945227,1.10734629
2025-03-15,3.125691699605,-3.8711589
2025-03-16,3.133410826968,0.24695741
2025-03-17,3.048744203713,-2.70205945
2025-03-18,3.075733690027,0.88526569
2025-03-19,3.323402055193,8.0523345
2025-03-20,3.145880934247,-5.34154815
2025-03-21,3.094662908077,-1.62809805
2025-03-22,3.159288506022,2.088292
2025-03-23,3.214411613896,1.744795
2025-03-24,3.266477308392,1.61975816
2025-03-25,3.27988065197,0.41033022
2025-03-26,3.25168681132,-0.85959959
2025-03-27,3.142924380295,-3.34480032
2025-03-28,3.06082422638,-2.61222174
2025-03-29,3.032235586893,-0.93401768
2025-03-30,3.001909950009,-1.0001082
2025-03-31,3.013395514983,0.38260858
2025-04-01,3.117552730188,3.45647343
2025-04-02,3.040199898357,-2.48120364
2025-04-03,3.065916073056,0.84587118
2025-04-04,3.039748953975,-0.85348452
2025-04-05,3.045089571877,0.17569273
2025-04-06,2.844934714093,-6.57303679
2025-04-07,2.799776367047,-1.58732455
2025-04-08,2.661393835307,-4.94262804
2025-04-09,2.866121720016,7.69250616
2025-04-10,2.633600470808,-8.11274858
2025-04-11,2.673347103911,1.50921271
2025-04-12,2.752763078572,2.97065707
2025-04-13,2.734382222527,-0.66772387
2025-04-14,2.778464118271,1.61213364
2025-04-15,2.741359377427,-1.33544071
2025-04-16,2.706592991729,-1.268217
2025-04-17,2.681794320356,-0.91623201
2025-04-18,2.684602774914,0.10472297
2025-04-19,2.726064908722,1.54444204
2025-04-20,2.677829138268,-1.76942854
2025-04-21,2.644380461348,-1.24909676
2025-04-22,2.83915586724,7.36563474
2025-04-23,2.96367747046,4.3858671
2025-04-24,2.941712082946,-0.7411531
2025-04-25,2.974732248447,1.12248121
2025-04-26,2.99896272392,0.81454307
2025-04-27,2.967916652864,-1.03522697
2025-04-28,2.968553147983,0.02144586
2025-04-29,2.992960559161,0.82219889
2025-04-30,2.990364578992,-0.0867362
2025-05-01,3.064410225644,2.47614111
2025-05-02,3.065626403607,0.03968718
2025-05-03,3.058673426842,-0.22680444
2025-05-04,3.084083469722,0.83075371
2025-05-05,3.045089509788,-1.26436137
2025-05-06,3.014683678718,-0.99852011
2025-05-07,3.00442866858,-0.3401687
2025-05-08,3.508153728781,16.76608486
2025-05-09,3.517223796884,0.25854249
2025-05-10,3.891219879518,10.63327511
2025-05-11,3.863021905435,-0.7246564
2025-05-12,3.78000605877,-2.14898721
2025-05-13,4.033835548398,6.7150551
2025-05-14,3.999249203236,-0.85740593
2025-05-15,3.910168893525,-2.22742583
2025-05-16,3.9250494927,0.38056155
2025-05-17,3.870269932322,-1.39563999
2025-05-18,3.834097988369,-0.93461037
2025-05-19,3.890425711956,1.46912582
2025-05-20,3.882738259987,-0.19759925
2025-05-21,3.792175566848,-2.33244394
2025-05-22,3.880686120333,2.334031
2025-05-23,3.844948265368,-0.92091589
2025-05-24,3.788688961408,-1.46320054
2025-05-25,3.810834216774,0.58450972
2025-05-26,3.802651284865,-0.2147281
2025-05-27,3.874310497897,1.88445397
2025-05-28,3.90328026312,0.74773989
2025-05-29,3.899512527596,-0.09652741
2025-05-30,3.863912459557,-0.91293637
2025-05-31,3.841732737933,-0.57402236
2025-06-01,3.841135202153,-0.01555381
2025-06-02,3.915288574087,1.93050669
2025-06-03,3.921002130585,0.14592938
2025-06-04,3.930677999307,0.2467703
2025-06-05,3.81133057773,-3.03630625
2025-06-06,3.851417293467,1.05177745
2025-06-07,3.87871762195,0.7088385
2025-06-08,3.849472586778,-0.75398722
2025-06-09,4.027382239846,4.62166307
2025-06-10,4.180621121701,3.8049252
2025-06-11,4.152854125788,-0.66418351
2025-06-12,4.036310632193,-2.80634691
2025-06-13,3.93558768799,-2.49542103
2025-06-14,3.920240840776,-0.38995059
2025-06-15,3.93012352914,0.25209391
2025-06-16,3.908642771584,-0.54656698
2025-06-17,3.873145148851,-0.90818284
2025-06-18,3.915439466749,1.09198897
2025-06-19,3.910860226726,-0.11695341
2025-06-20,3.750206421661,-4.1078892
2025-06-21,3.648600565492,-2.70934036
2025-06-22,3.616692903163,-0.87451783
2025-06-23,3.764813254704,4.09546388
2025-06-24,3.804398130173,1.05144327
2025-06-25,3.743936018811,-1.58926877
2025-06-26,3.761357978591,0.46533807
2025-06-27,3.752333194038,-0.23993421
2025-06-28,3.756376076806,0.10774317
2025-06-29,3.818018073025,1.6409964
2025-06-30,3.784083645329,-0.88879694
2025-07-01,3.721113689095,-1.66407411
2025-07-02,3.895541381975,4.68751313
2025-07-03,3.905145009416,0.2465287
2025-07-04,3.836562724617,-1.75620328
2025-07-05,3.83474763479,-0.04731031
2025-07-06,3.875817781664,1.07099999
2025-07-07,3.846270214665,-0.76235697
2025-07-08,3.959875889208,2.95365817
2025-07-09,4.139936331435,4.54712338
2025-07-10,4.3026402111,3.93010584
2025-07-11,4.287455082879,-0.35292582
2025-07-12,4.291125588445,0.08561036
2025-07-13,4.295450276682,0.10078214
2025-07-14,4.373065262486,1.80691152
2025-07-15,4.549358026838,4.03133166
2025-07-16,4.75754583921,4.57620199
2025-07-17,4.823901289339,1.39474116
2025-07-18,4.860147328641,0.75138435
2025-07-19,4.899991820487,0.81982066
2025-07-20,4.964391377853,1.31427887
2025-07-21,4.909947043018,-1.09669707
2025-07-22,4.762536367217,-3.00228647
2025-07-23,4.672024813065,-1.90049056
2025-07-24,4.809575682125,2.94413824
2025-07-25,4.742703308173,-1.3904007
2025-07-26,4.715563618954,-0.57224092
2025-07-27,4.589265195399,-2.67833145
2025-07-28,4.610040531029,0.45269416
2025-07-29,4.711260696233,2.19564588
2025-07-30,4.801151684685,1.90800285
2025-07-31,4.722198812488,-1.64445694
2025-08-01,4.607401926456,-2.43100493
2025-08-02,4.606717167603,-0.01486215
2025-08-03,4.653662950052,1.01907238
2025-08-04,4.840171184765,4.00777273
2025-08-05,4.783410809594,-1.17269355
2025-08-06,4.784869147347,0.0304874
2025-08-07,4.958196544687,3.62240621
2025-08-08,5.052712475118,1.90625623
2025-08-09,5.334785002753,5.58259606
2025-08-10,5.268268206259,-1.24685056
2025-08-11,5.246820823605,-0.40710499
2025-08-12,5.513339499574,5.07962221
2025-08-13,5.599832659651,1.568798
2025-08-14,5.409810145393,-3.39336058
2025-08-15,5.363366408344,-0.85850956
2025-08-16,5.273895218573,-1.66819089
2025-08-17,5.229685199467,-0.83828019
2025-08-18,5.091547301602,-2.64141899
2025-08-19,4.946477984368,-2.84921869
2025-08-20,4.987555064813,0.83043088
2025-08-21,5.033249544323,0.91616993
2025-08-22,5.367512250408,6.64109147
2025-08-23,5.427318480817,1.11422625
2025-08-24,5.453757159482,0.48714073
2025-08-25,5.214243174996,-4.39172441
2025-08-26,5.326824242985,2.15910659
2025-08-27,5.268151005143,-1.1014675
2025-08-28,5.164097281831,-1.97514694
2025-08-29,5.055344949513,-2.10593113
2025-08-30,5.075571952295,0.40011123
2025-08-31,5.11962096135,0.86786296
2025-09-01,5.101139668503,-0.36098948
2025-09-02,5.077896318205,-0.45565015
2025-09-03,5.20734260418,2.54921089
2025-09-04,5.094384792244,-2.16920261
2025-09-05,5.06641810355,-0.54897087
2025-09-06,4.963285069029,-2.03562028
2025-09-07,4.893219549334,-1.41167631
2025-09-08,4.904419719625,0.22889164
2025-09-09,4.897173112757,-0.14775666
2025-09-10,4.86615582527,-0.63337127
2025-09-11,4.939445945347,1.50611946
2025-09-12,5.094364492848,3.13635475
2025-09-13,4.997538184893,-1.90065528
2025-09-14,4.969589091341,-0.55925723
2025-09-15,4.919520361794,-1.0075024
2025-09-16,4.709537753608,-4.2683553
2025-09-17,4.635834124084,-1.56498649
2025-09-18,4.676625229264,0.87990864
2025-09-19,4.540853423239,-2.90320048
2025-09-20,4.291514292826,-5.49101914
2025-09-21,4.24071054664,-1.18381864
2025-09-22,4.229718713833,-0.2591979
2025-09-23,4.098686476116,-3.09789484
2025-09-24,4.077134445535,-0.52582774
2025-09-25,4.095940062558,0.46124594
2025-09-26,4.196827543166,2.4631093
2025-09-27,4.148511173934,-1.15125934
2025-09-28,4.170371861319,0.5269526
2025-09-29,4.09338547833,-1.84603161
2025-09-30,4.110250894636,0.41201632
2025-10-01,4.234916772121,3.03304788
2025-10-02,4.113631780601,-2.86392857
2025-10-03,3.794065261955,-7.76847651
2025-10-04,3.899698609434,2.78417318
2025-10-05,3.867528797157,-0.82493073
2025-10-06,3.828372108221,-1.01244725
2025-10-07,3.409382398235,-10.94433086
2025-10-08,3.462633832976,1.56190854
2025-10-09,3.479774538449,0.49501929
2025-10-10,3.476030467979,-0.1075952
2025-10-11,3.3000879817,-5.06159218
2025-10-12,3.187996104026,-3.39663301
2025-10-13,3.276127926899,2.76448967
2025-10-14,3.413814494384,4.20272256
2025-10-15,3.430675268817,0.49389838
2025-10-16,3.402431674659,-0.82326632
2025-10-17,3.574693885164,5.06291461
2025-10-18,3.560759980232,-0.38979296
2025-10-19,3.586994680133,0.73677249
2025-10-20,3.617077336822,0.83865908
2025-10-21,3.663540534153,1.28455084
2025-10-22,3.551117123,-3.06870936
2025-10-23,3.421823728693,-3.64092171
2025-10-24,3.547152808442,3.66263986
2025-10-25,3.541371158392,-0.16299411
2025-10-26,3.655229978474,3.21510553
2025-10-27,3.618181020104,-1.01358762
2025-10-28,3.606407550656,-0.32539747
2025-10-29,3.526159403929,-2.22515469
2025-10-30,3.524961547727,-0.03397056
2025-10-31,3.532651917973,0.21816891
2025-11-01,3.537674580049,0.14217823
2025-11-02,3.606985569066,1.95922455
2025-11-03,3.629198094682,0.61581964
2025-11-04,3.508560876156,-3.32407368
2025-11-05,3.566494458795,1.65120643
2025-11-06,3.487969940639,-2.20172831
2025-11-07,3.466303985789,-0.62116232
2025-11-08,3.433514048319,-0.94596255
2025-11-09,3.594839175713,4.69854281
2025-11-10,3.596472830307,0.04544444
2025-11-11,3.566666666667,-0.82876098
2025-11-12,3.582956441441,0.45672266
2025-11-13,3.48514242555,-2.7299806
2025-11-14,3.400474477692,-2.42939707
2025-11-15,3.397905422081,-0.07554992
2025-11-16,3.338437962034,-1.75012111
2025-11-17,3.340345032981,0.05712465
2025-11-18,3.34927326361,0.26728468
2025-11-19,3.369289750248,0.59763671
2025-11-20,3.270709614807,-2.92584321
2025-11-21,3.331598100884,1.86162923
2025-11-22,3.322346475966,-0.27769331
2025-11-23,3.321331610333,-0.03054665
2025-11-24,3.413034684419,2.76103337
2025-11-25,3.430925324675,0.52418571
2025-11-26,3.394336977853,-1.06642796
2025-11-27,3.366594093675,-0.81732852
2025-11-28,3.41675587357,1.48998598
2025-11-29,3.424200787762,0.21789424
2025-11-30,3.417423282055,-0.19792956
2025-12-01,3.385204266744,-0.94278679
2025-12-02,3.418220595112,0.97531274
2025-12-03,3.464113117798,1.34258517
2025-12-04,3.481869889797,0.51259215
2025-12-05,3.420152284838,-1.77254196
2025-12-06,3.411768667774,-0.24512409
2025-12-07,3.422104710052,0.30295261
2025-12-08,3.481937913667,1.74843287
2025-12-09,3.697570268373,6.19288339
2025-12-10,3.720188413256,0.61170291
2025-12-11,3.654050150089,-1.77782026
2025-12-12,3.498684419443,-4.25187735
2025-12-13,3.474034011709,-0.70456219
2025-12-14,3.491235268641,0.49513784
2025-12-15,3.452959196748,-1.09634754
2025-12-16,3.383892157423,-2.0002275
2025-12-17,3.360449390215,-0.69277525
2025-12-18,3.406685706711,1.37589683
2025-12-19,3.479403243142,2.13455372
2025-12-20,3.486059555733,0.19130616
2025-12-21,3.497716043628,0.33437432
2025-12-22,3.504427356402,0.191877
2025-12-23,3.51164251265,0.20588688
2025-12-24,3.480939213462,-0.87432872
2025-12-25,3.501236384691,0.58309468
2025-12-26,3.507948496619,0.19170691
2025-12-27,3.488541395393,-0.55323222
2025-12-28,3.433277843098,-1.58414495
2025-12-29,3.447485259226,0.41381492
2025-12-30,3.488297561261,1.18382818
